,favscr,undscr,spread,favhome,neutral,fav25,und25,fregion,uregion,scrdiff,sprdcvr,favwin
0,72,61,7.0,0,0,1,0,3,4,11,1,1
1,82,74,7.0,1,0,0,0,3,1,8,1,1
2,87,57,17.0,1,0,0,0,3,3,30,1,1
3,69,70,9.0,1,0,0,0,3,3,-1,0,0
4,77,79,2.5,0,0,0,0,2,3,-2,0,0
5,91,65,9.0,0,1,1,0,3,4,26,1,1
6,95,88,10.0,1,0,0,0,3,3,7,0,1
7,90,67,18.0,1,0,1,0,4,4,23,1,1
8,79,80,7.5,0,0,0,0,3,3,-1,0,0
9,103,68,8.0,0,0,0,0,2,2,35,1,1
10,88,62,2.0,1,0,0,0,2,2,26,1,1
11,78,57,10.0,1,0,0,0,2,2,21,1,1
12,74,62,6.0,0,0,1,0,4,4,12,1,1
13,64,66,5.0,1,0,0,0,4,3,-2,0,0
14,59,82,10.0,0,0,0,0,3,4,-23,0,0
15,92,62,33.0,1,0,1,0,4,4,30,0,1
16,68,63,11.0,1,0,0,0,3,3,5,0,1
17,97,54,24.0,1,0,0,0,2,2,43,1,1
18,69,66,15.0,0,0,0,0,1,1,3,0,1
19,69,61,14.0,1,0,0,0,1,2,8,0,1
20,87,59,27.0,1,0,0,0,1,1,28,1,1
21,59,79,1.5,0,0,0,0,1,1,-20,0,0
22,72,74,8.0,1,0,0,0,1,1,-2,0,0
23,105,53,30.0,1,0,1,0,4,4,52,1,1
24,85,58,26.0,0,1,0,0,2,4,27,1,1
25,73,80,2.0,0,0,0,0,2,4,-7,0,0
26,77,45,14.0,1,0,0,0,3,3,32,1,1
27,96,55,20.0,1,0,0,0,2,3,41,1,1
28,83,50,21.0,1,0,1,0,4,3,33,1,1
29,99,63,21.0,1,0,0,0,2,1,36,1,1
30,95,58,16.0,1,0,1,0,4,3,37,1,1
31,60,41,5.0,0,1,1,0,3,4,19,1,1
32,82,56,1.0,0,1,0,0,4,2,26,1,1
33,87,67,21.0,1,0,0,0,2,1,20,0,1
34,75,67,9.0,1,0,0,0,2,4,8,0,1
35,65,79,2.0,0,1,0,0,1,1,-14,0,0
36,89,67,20.0,1,0,0,0,1,2,22,1,1
37,84,68,1.0,0,1,0,0,4,4,16,1,1
38,87,65,25.0,1,0,0,0,4,3,22,0,1
39,107,97,4.0,0,1,0,0,3,3,10,1,1
40,73,60,26.0,1,0,0,0,4,4,13,0,1
41,90,79,8.0,0,1,0,0,4,3,11,1,1
42,58,64,2.0,0,0,0,0,2,1,-6,0,0
43,80,76,17.0,0,1,0,0,3,4,4,0,1
44,85,49,30.0,0,1,0,0,4,1,36,1,1
45,67,65,20.0,1,0,0,0,1,2,2,0,1
46,70,65,1.0,0,1,1,0,4,3,5,1,1
47,82,63,14.0,1,0,0,0,2,1,19,1,1
48,74,68,14.0,1,0,1,0,4,3,6,0,1
49,95,73,4.0,1,0,0,0,4,3,22,1,1
50,91,71,14.0,1,0,0,0,4,3,20,1,1
51,70,65,10.0,1,0,1,0,3,2,5,0,1
52,94,71,5.5,0,0,1,0,2,2,23,1,1
53,70,77,1.0,1,0,0,0,2,2,-7,0,0
54,86,68,9.0,1,0,0,0,3,2,18,1,1
55,58,38,10.5,1,0,0,0,4,4,20,1,1
56,56,66,8.0,0,0,0,0,2,3,-10,0,0
57,82,78,3.5,1,0,0,0,3,1,4,1,1
58,85,71,8.0,1,0,1,0,3,3,14,1,1
59,75,57,4.0,0,1,0,0,3,4,18,1,1
60,79,70,1.0,0,1,0,0,4,4,9,1,1
61,87,91,2.0,0,0,0,0,3,4,-4,0,0
62,80,77,16.0,1,0,0,0,4,4,3,0,1
63,127,104,5.0,1,0,0,0,2,4,23,1,1
64,81,70,5.5,0,1,1,1,3,4,11,1,1
65,88,74,3.5,1,0,0,0,3,4,14,1,1
66,96,80,15.0,1,0,0,0,1,1,16,1,1
67,86,56,13.5,1,0,0,0,2,2,30,1,1
68,85,66,14.0,1,0,0,0,1,1,19,1,1
69,86,51,21.0,1,0,0,0,3,4,35,1,1
70,84,63,5.0,0,1,0,0,3,3,21,1,1
71,89,56,19.0,0,0,0,0,4,4,33,1,1
72,83,71,7.0,0,0,1,0,3,3,12,1,1
73,61,68,1.0,1,0,0,0,3,2,-7,0,0
74,56,57,12.0,0,0,0,0,3,3,-1,0,0
75,105,85,11.0,0,0,0,0,4,4,20,1,1
76,74,76,2.0,1,0,0,0,4,4,-2,0,0
77,64,58,2.0,0,0,0,0,3,3,6,1,1
78,120,105,3.0,1,0,0,0,2,3,15,1,1
79,85,74,4.5,0,0,0,0,3,3,11,1,1
80,76,90,7.5,0,0,0,0,3,1,-14,0,0
81,75,66,12.5,1,0,1,1,4,4,9,0,1
82,53,49,8.0,0,0,1,0,4,4,4,0,1
83,59,83,3.5,1,0,0,0,3,3,-24,0,0
84,78,66,26.0,1,0,1,0,2,2,12,0,1
85,81,67,23.0,1,0,1,0,1,2,14,0,1
86,66,57,1.0,1,0,0,0,3,3,9,1,1
87,56,66,8.0,1,0,0,0,1,1,-10,0,0
88,74,65,10.0,1,0,1,0,2,2,9,0,1
89,75,60,2.5,0,1,0,0,4,3,15,1,1
90,81,64,23.0,1,0,0,0,3,3,17,0,1
91,91,75,18.0,0,1,0,0,4,4,16,0,1
92,85,76,15.0,1,0,0,0,2,3,9,0,1
93,79,62,25.0,1,0,0,0,3,3,17,0,1
94,69,62,17.0,0,1,0,0,3,3,7,0,1
95,71,53,25.0,1,0,0,0,3,3,18,0,1
96,92,84,9.0,0,1,0,0,4,3,8,0,1
97,69,72,20.0,1,0,1,0,3,4,-3,0,0
98,82,67,20.0,1,0,0,0,1,1,15,0,1
99,98,84,14.0,1,0,0,0,4,2,14,1,1
100,76,70,9.0,1,0,0,0,4,3,6,0,1
101,83,56,23.0,1,0,0,0,2,2,27,1,1
102,85,74,2.5,0,1,1,1,4,4,11,1,1
103,96,91,2.5,1,0,0,1,2,3,5,1,1
104,67,50,8.0,0,0,1,0,4,2,17,1,1
105,61,48,11.0,1,0,0,0,3,3,13,1,1
106,80,84,3.0,1,0,0,0,4,4,-4,0,0
107,91,73,9.0,1,0,1,0,3,2,18,1,1
108,63,76,6.0,1,0,0,0,2,2,-13,0,0
109,76,59,8.0,1,0,0,0,3,1,17,1,1
110,81,74,3.0,1,0,0,0,3,2,7,1,1
111,76,92,5.5,0,0,1,0,3,3,-16,0,0
112,63,61,9.0,1,0,0,0,4,1,2,0,1
113,96,91,9.0,0,0,1,0,2,4,5,0,1
114,70,71,12.0,1,0,0,0,3,2,-1,0,0
115,73,68,13.0,1,0,0,0,3,3,5,0,1
116,83,80,5.0,0,1,1,0,4,3,3,0,1
117,89,95,5.0,1,0,0,0,2,1,-6,0,0
118,69,59,10.0,1,0,1,1,4,3,10,1,1
119,64,79,2.5,1,0,0,0,2,3,-15,0,0
120,65,71,2.5,1,0,0,0,1,1,-6,0,0
121,78,51,14.0,1,0,0,0,3,3,27,1,1
122,79,59,19.0,1,0,0,0,0,3,20,1,1
123,77,85,1.0,1,0,0,0,0,3,-8,0,0
124,72,75,5.0,1,0,0,0,3,3,-3,0,0
125,94,74,23.0,1,0,0,0,4,4,20,0,1
126,94,69,29.0,1,0,1,0,2,3,25,0,1
127,89,75,24.0,1,0,0,0,3,3,14,0,1
128,75,68,5.0,0,0,0,0,3,3,7,1,1
129,78,68,3.5,1,0,0,0,4,4,10,1,1
130,50,49,7.5,1,0,0,0,3,4,1,0,1
131,75,71,2.5,0,0,0,0,2,3,4,1,1
132,74,53,13.5,1,0,0,0,1,1,21,1,1
133,71,54,13.5,1,0,0,0,1,1,17,1,1
134,95,77,16.5,1,0,0,0,1,1,18,1,1
135,70,73,2.0,1,0,0,0,1,1,-3,0,0
136,82,55,19.0,1,0,0,0,1,1,27,1,1
137,85,75,2.5,1,0,0,0,1,1,10,1,1
138,73,63,1.0,1,0,0,0,1,1,10,1,1
139,79,72,6.5,0,0,0,0,3,1,7,1,1
140,74,72,9.0,0,0,0,0,3,2,2,0,1
141,86,66,8.5,0,1,0,0,1,3,20,1,1
142,48,53,9.0,0,1,0,0,3,3,-5,0,0
143,90,65,19.0,1,0,0,0,3,2,25,1,1
144,63,62,6.5,1,0,0,0,2,1,1,0,1
145,71,62,8.0,0,1,0,0,2,3,9,1,1
146,50,46,5.0,0,0,0,0,3,3,4,0,1
147,84,49,14.0,1,0,0,0,3,3,35,1,1
148,80,61,1.5,1,0,0,1,3,2,19,1,1
149,87,86,11.0,1,0,0,0,3,4,1,0,1
150,81,80,9.0,0,0,1,0,3,1,1,0,1
151,91,92,11.0,1,0,0,0,2,1,-1,0,0
152,71,65,7.5,0,1,1,0,3,3,6,0,1
153,73,83,2.0,1,0,0,0,4,4,-10,0,0
154,72,77,10.0,1,0,1,0,3,3,-5,0,0
155,83,68,8.0,0,1,1,0,3,2,15,1,1
156,67,65,20.0,1,0,1,0,4,4,2,0,1
157,93,76,15.0,0,0,0,0,2,2,17,1,1
158,66,61,3.0,0,0,0,0,2,2,5,1,1
159,69,62,2.0,1,0,0,0,3,3,7,1,1
160,87,58,17.0,1,0,1,0,1,1,29,1,1
161,92,72,5.5,0,0,1,0,1,2,20,1,1
162,89,96,1.5,1,0,0,1,2,2,-7,0,0
163,75,61,5.5,0,0,1,0,1,2,14,1,1
164,75,82,4.0,0,0,1,0,2,1,-7,0,0
165,71,90,2.0,0,0,1,0,3,3,-19,0,0
166,84,96,3.0,0,0,0,0,4,4,-12,0,0
167,91,72,17.0,1,0,1,0,4,3,19,1,1
168,67,71,1.5,1,0,0,0,3,3,-4,0,0
169,55,66,4.5,0,0,0,0,4,4,-11,0,0
170,73,71,4.5,1,0,0,0,4,4,2,0,1
171,83,63,3.0,1,0,0,0,4,4,20,1,1
172,129,89,39.0,1,0,1,0,4,4,40,1,1
173,92,66,14.0,1,0,0,0,4,4,26,1,1
174,80,63,12.0,0,0,1,0,3,3,17,1,1
175,77,72,7.0,0,0,0,0,3,3,5,0,1
176,70,65,6.0,1,0,0,0,3,3,5,0,1
177,75,60,15.0,1,0,0,0,3,3,15,1,1
178,58,64,7.0,0,0,0,0,2,2,-6,0,0
179,73,79,8.0,0,0,0,0,2,2,-6,0,0
180,82,72,27.0,1,0,0,0,2,2,10,0,1
181,76,68,19.0,1,0,0,0,3,2,8,0,1
182,86,64,14.0,1,0,0,0,2,3,22,1,1
183,78,90,2.0,0,0,0,0,2,1,-12,0,0
184,80,71,9.0,1,0,0,0,1,3,9,1,1
185,74,64,14.0,1,0,0,0,1,1,10,0,1
186,71,97,13.0,1,0,0,0,4,1,-26,0,0
187,93,69,21.5,0,0,0,0,2,2,24,1,1
188,94,73,25.0,1,0,0,0,3,3,21,0,1
189,87,76,10.0,1,0,0,0,4,3,11,1,1
190,83,74,4.0,1,0,0,0,3,3,9,1,1
191,100,73,37.0,1,0,1,0,4,4,27,0,1
192,84,70,15.0,1,0,0,0,3,4,14,0,1
193,75,55,11.0,1,0,0,0,3,3,20,1,1
194,67,64,3.5,1,0,0,0,4,2,3,0,1
195,70,52,8.5,0,0,0,0,4,2,18,1,1
196,79,68,22.0,1,0,1,0,3,3,11,0,1
197,111,67,11.0,1,0,0,0,2,2,44,1,1
198,89,73,2.5,1,0,0,0,1,1,16,1,1
199,81,58,25.0,1,0,1,0,4,3,23,0,1
200,92,68,22.0,1,0,0,0,4,4,24,1,1
201,80,75,20.0,1,0,1,0,2,1,5,0,1
202,73,60,4.5,0,0,0,0,3,1,13,1,1
203,85,60,27.0,1,0,0,0,2,4,25,0,1
204,65,67,13.0,1,0,0,0,3,3,-2,0,0
205,61,63,4.0,0,0,0,0,3,2,-2,0,0
206,80,61,1.0,1,0,0,0,1,1,19,1,1
207,79,54,6.0,1,0,0,0,1,1,25,1,1
208,88,77,1.0,1,0,0,0,1,1,11,1,1
209,76,89,11.0,1,0,1,1,3,1,-13,0,0
210,67,68,21.0,1,0,1,0,3,3,-1,0,0
211,76,61,1.5,1,0,0,0,3,3,15,1,1
212,76,67,4.0,1,0,0,0,4,3,9,1,1
213,89,66,20.0,1,0,0,0,3,3,23,1,1
214,70,49,2.5,1,0,0,0,3,2,21,1,1
215,100,78,6.5,0,0,0,0,2,3,22,1,1
216,81,78,20.0,1,0,0,0,3,3,3,0,1
217,70,61,15.0,1,0,0,0,1,1,9,0,1
218,76,54,16.5,1,0,0,0,1,1,22,1,1
219,74,86,9.0,0,0,0,0,1,1,-12,0,0
220,89,78,2.0,1,0,0,0,1,4,11,1,1
221,79,69,12.0,1,0,0,0,1,1,10,0,1
222,88,80,14.5,1,0,0,0,3,3,8,0,1
223,89,72,11.0,1,0,0,0,3,1,17,1,1
224,56,66,1.5,1,0,0,0,4,2,-10,0,0
225,80,45,23.0,1,0,0,0,4,3,35,1,1
226,84,94,1.0,0,0,1,1,1,4,-10,0,0
227,101,70,20.0,1,0,0,0,4,4,31,1,1
228,60,64,9.5,1,0,1,0,4,1,-4,0,0
229,86,64,3.5,0,0,0,0,2,2,22,1,1
230,71,57,20.0,1,0,1,0,2,2,14,0,1
231,57,54,6.0,1,0,0,0,3,4,3,0,1
232,59,50,3.0,0,0,0,0,3,3,9,1,1
233,95,88,11.5,0,0,0,0,2,2,7,0,1
234,72,69,3.5,1,0,1,0,1,2,3,0,1
235,68,72,1.5,0,0,0,0,3,2,-4,0,0
236,61,71,2.5,0,0,0,0,4,1,-10,0,0
237,137,100,29.0,1,0,1,0,1,4,37,1,1
238,88,76,6.5,0,0,1,0,4,1,12,1,1
239,82,50,21.0,1,0,0,0,3,2,32,1,1
240,115,68,22.0,1,0,1,0,2,1,47,1,1
241,82,63,19.0,1,0,1,0,2,2,19,1,1
242,58,74,2.5,1,0,0,0,2,3,-16,0,0
243,71,75,2.5,1,0,0,0,1,1,-4,0,0
244,75,86,1.0,0,0,0,0,1,1,-11,0,0
245,60,77,5.0,1,0,0,0,2,3,-17,0,0
246,86,69,14.0,1,0,0,0,3,3,17,1,1
247,85,68,26.0,0,1,1,0,4,4,17,0,1
248,95,68,8.5,0,0,0,0,3,3,27,1,1
249,58,56,9.0,1,0,0,0,1,1,2,0,1
250,69,66,5.0,1,0,0,0,1,1,3,0,1
251,71,56,7.0,1,0,1,0,4,3,15,1,1
252,95,78,3.0,1,0,0,1,1,3,17,1,1
253,84,70,12.0,1,0,0,0,3,3,14,1,1
254,116,75,26.0,1,0,1,0,3,4,41,1,1
255,96,80,12.5,1,0,1,0,4,4,16,1,1
256,93,58,15.0,0,1,0,0,4,4,35,1,1
257,69,72,2.0,1,0,0,0,1,3,-3,0,0
258,71,81,5.0,0,1,1,0,4,2,-10,0,0
259,71,66,5.0,0,1,0,0,4,2,5,1,1
260,74,68,2.0,0,0,0,0,2,4,6,1,1
261,56,55,4.0,0,0,0,0,1,3,1,0,1
262,87,75,13.0,1,0,0,0,3,2,12,0,1
263,73,64,4.0,0,0,0,0,4,3,9,1,1
264,61,63,4.0,1,0,0,0,3,3,-2,0,0
265,63,60,6.0,0,0,0,0,3,4,3,0,1
266,89,75,14.0,1,0,0,0,3,1,14,1,1
267,79,86,3.0,0,0,0,0,4,3,-7,0,0
268,82,72,1.5,1,0,0,0,3,1,10,1,1
269,71,60,9.0,0,0,0,0,3,3,11,1,1
270,71,54,22.0,1,0,0,0,2,3,17,0,1
271,43,56,10.0,1,0,0,0,3,3,-13,0,0
272,78,54,8.0,1,0,0,0,3,3,24,1,1
273,91,72,7.0,1,0,0,0,1,1,19,1,1
274,90,59,22.0,1,0,0,0,4,4,31,1,1
275,93,64,11.0,1,0,0,0,3,3,29,1,1
276,65,60,20.0,1,0,1,0,1,1,5,0,1
277,67,61,3.0,1,0,0,0,2,4,6,1,1
278,95,68,27.0,1,0,1,0,1,4,27,1,1
279,69,66,2.5,0,1,1,1,3,3,3,1,1
280,86,84,15.0,0,1,1,0,2,2,2,0,1
281,92,49,28.0,1,0,1,0,3,3,43,1,1
282,78,63,8.0,0,0,0,0,4,1,15,1,1
283,75,78,6.0,0,0,1,0,4,4,-3,0,0
284,69,72,10.5,0,0,0,0,4,3,-3,0,0
285,74,64,3.5,1,0,0,0,4,2,10,1,1
286,52,56,1.0,1,0,0,0,3,2,-4,0,0
287,107,88,14.0,1,0,0,0,2,2,19,1,1
288,91,100,1.5,0,0,1,1,4,3,-9,0,0
289,94,67,14.0,1,0,0,0,2,2,27,1,1
290,71,54,13.5,1,0,0,0,3,3,17,1,1
291,52,78,10.5,1,0,1,0,3,3,-26,0,0
292,83,62,1.5,1,0,0,1,3,2,21,1,1
293,88,67,18.0,0,0,0,0,3,3,21,1,1
294,88,56,16.0,1,0,0,0,2,2,32,1,1
295,65,68,8.5,1,0,0,0,3,2,-3,0,0
296,91,71,11.0,1,0,1,1,2,2,20,1,1
297,91,65,22.0,1,0,1,0,1,1,26,1,1
298,44,51,3.0,0,0,0,0,4,3,-7,0,0
299,76,63,10.0,1,0,1,0,4,3,13,1,1
300,95,83,15.0,0,0,0,0,4,4,12,0,1
301,61,67,10.0,0,0,1,0,4,3,-6,0,0
302,80,58,10.0,1,0,0,0,2,3,22,1,1
303,82,63,18.0,1,0,1,0,4,4,19,1,1
304,67,58,15.0,0,0,1,0,3,3,9,0,1
305,99,82,7.0,0,0,1,0,4,4,17,1,1
306,73,60,1.0,1,0,0,0,3,3,13,1,1
307,95,82,15.0,1,0,1,0,1,1,13,0,1
308,94,83,14.0,1,0,0,0,3,3,11,0,1
309,72,65,13.5,1,0,0,0,3,3,7,0,1
310,70,55,9.0,1,0,0,0,2,2,15,1,1
311,82,83,3.5,1,0,0,0,2,3,-1,0,0
312,77,71,8.0,1,0,1,1,3,4,6,0,1
313,52,59,13.5,1,0,1,0,3,3,-7,0,0
314,71,59,4.0,1,0,0,1,2,2,12,1,1
315,51,53,3.5,1,0,0,0,4,3,-2,0,0
316,87,60,10.0,1,0,1,0,1,1,27,1,1
317,92,55,18.5,1,0,1,0,1,3,37,1,1
318,85,71,13.5,1,0,0,0,3,3,14,1,1
319,90,61,18.5,1,0,1,0,4,4,29,1,1
320,70,76,1.5,0,0,0,0,3,3,-6,0,0
321,79,69,2.0,1,0,1,1,2,2,10,1,1
322,69,78,7.5,1,0,1,1,3,3,-9,0,0
323,65,60,8.0,1,0,1,0,3,3,5,0,1
324,86,73,1.0,1,0,1,1,4,4,13,1,1
325,52,69,4.5,0,0,0,0,4,4,-17,0,0
326,67,50,7.5,1,0,0,0,4,4,17,1,1
327,96,73,24.0,1,0,0,0,3,3,23,0,1
328,67,78,6.5,0,0,1,0,4,4,-11,0,0
329,75,57,13.0,0,0,0,0,3,3,18,1,1
330,65,55,10.5,1,0,1,0,3,4,10,0,1
331,67,58,5.5,1,0,0,0,3,4,9,1,1
332,54,64,4.0,1,0,0,0,3,2,-10,0,0
333,67,61,4.5,0,0,1,0,3,2,6,1,1
334,72,58,15.0,1,0,0,0,3,3,14,0,1
335,100,76,11.0,1,0,1,0,4,4,24,1,1
336,68,48,14.0,0,0,1,0,3,3,20,1,1
337,79,64,9.0,1,0,0,0,2,4,15,1,1
338,72,73,2.0,0,0,0,0,3,3,-1,0,0
339,111,99,18.0,1,0,0,0,2,2,12,0,1
340,100,86,1.0,0,0,0,0,2,2,14,1,1
341,69,67,1.0,1,0,0,1,3,4,2,1,1
342,56,59,1.0,0,0,1,1,2,2,-3,0,0
343,79,64,1.5,0,0,0,0,3,3,15,1,1
344,116,77,27.0,1,0,0,0,2,3,39,1,1
345,77,70,4.0,1,0,0,1,4,3,7,1,1
346,88,87,11.0,1,0,1,0,2,3,1,0,1
347,84,73,12.5,1,0,1,0,1,1,11,0,1
348,100,81,6.0,1,0,1,0,1,1,19,1,1
349,84,77,1.5,0,0,0,0,3,4,7,1,1
350,54,50,1.0,0,0,0,0,2,2,4,1,1
351,101,71,28.0,1,0,0,0,4,2,30,1,1
352,83,63,12.0,1,0,0,0,4,4,20,1,1
353,53,68,2.0,1,0,0,1,4,3,-15,0,0
354,62,44,1.0,0,0,1,0,4,3,18,1,1
355,74,48,10.0,1,0,0,0,3,3,26,1,1
356,63,76,3.0,1,0,0,0,2,4,-13,0,0
357,80,65,14.5,1,0,1,0,4,3,15,1,1
358,93,76,14.0,1,0,1,0,2,2,17,1,1
359,72,69,8.0,1,0,1,0,2,2,3,0,1
360,104,97,2.5,1,0,0,0,3,2,7,1,1
361,88,78,15.0,1,0,0,0,3,3,10,0,1
362,98,88,6.0,0,0,0,0,2,2,10,1,1
363,97,94,4.0,0,0,1,0,2,3,3,0,1
364,79,81,1.0,0,0,1,1,2,2,-2,0,0
365,79,70,4.0,1,0,0,0,1,1,9,1,1
366,61,62,4.0,1,0,0,1,4,4,-1,0,0
367,71,56,14.5,1,0,0,0,3,3,15,1,1
368,70,65,1.0,1,0,0,0,3,3,5,1,1
369,98,83,5.0,0,0,1,0,1,1,15,1,1
370,107,86,12.5,1,0,1,0,1,1,21,1,1
371,66,68,2.0,0,0,0,0,4,3,-2,0,0
372,71,70,5.5,1,0,0,0,4,4,1,0,1
373,83,74,3.0,0,0,0,0,1,4,9,1,1
374,74,66,3.0,0,0,1,0,3,2,8,1,1
375,70,66,11.0,1,0,0,0,3,3,4,0,1
376,62,60,4.5,1,0,0,0,2,2,2,0,1
377,70,59,2.5,1,0,0,0,3,3,11,1,1
378,76,55,7.5,1,0,0,0,3,3,21,1,1
379,94,63,18.5,0,0,1,0,4,2,31,1,1
380,88,56,3.5,0,0,0,0,2,2,32,1,1
381,69,67,7.5,1,0,0,0,4,4,2,0,1
382,75,79,6.0,1,0,0,0,1,1,-4,0,0
383,84,54,19.5,1,0,0,0,3,3,30,1,1
384,61,47,14.0,1,0,0,0,3,3,14,1,1
385,89,62,9.5,1,0,0,0,3,3,27,1,1
386,64,58,2.5,1,0,1,0,4,4,6,1,1
387,65,43,4.5,1,0,0,0,3,3,22,1,1
388,73,64,7.5,1,0,0,0,3,3,9,1,1
389,86,77,1.0,1,0,0,0,4,3,9,1,1
390,73,87,1.0,0,0,0,0,4,4,-14,0,0
391,80,78,1.0,0,0,0,0,3,3,2,1,1
392,86,62,5.0,1,0,0,0,4,4,24,1,1
393,80,86,2.0,1,0,1,1,3,2,-6,0,0
394,70,48,15.0,1,0,0,0,3,3,22,1,1
395,69,71,2.5,1,0,1,1,2,2,-2,0,0
396,68,58,8.0,1,0,1,0,3,3,10,1,1
397,70,74,8.5,1,0,1,0,2,2,-4,0,0
398,102,90,1.0,1,0,0,0,3,2,12,1,1
399,70,56,16.0,0,0,0,0,3,3,14,0,1
400,71,51,8.5,1,0,1,0,3,4,20,1,1
401,69,75,4.0,1,0,0,0,2,2,-6,0,0
402,98,72,19.0,1,0,0,0,2,2,26,1,1
403,78,82,1.0,0,0,0,0,3,2,-4,0,0
404,83,77,1.5,1,0,0,0,3,3,6,1,1
405,91,65,24.0,1,0,0,0,2,2,26,1,1
406,84,75,7.5,1,0,0,0,4,4,9,1,1
407,63,54,1.0,1,0,1,1,4,4,9,1,1
408,76,60,2.0,1,0,0,0,3,3,16,1,1
409,94,84,18.5,1,0,0,0,3,3,10,0,1
410,63,65,4.5,1,0,0,0,4,4,-2,0,0
411,70,68,2.5,1,0,0,0,4,4,2,0,1
412,64,54,12.0,0,0,0,0,4,4,10,0,1
413,72,65,3.0,0,0,0,0,4,4,7,1,1
414,88,81,9.0,1,0,0,0,4,4,7,0,1
415,83,69,20.5,1,0,1,0,1,1,14,0,1
416,72,73,9.0,1,0,1,0,1,1,-1,0,0
417,93,90,11.0,1,0,0,0,3,3,3,0,1
418,53,55,3.0,1,0,0,0,3,3,-2,0,0
419,77,76,9.5,1,0,0,0,1,1,1,0,1
420,72,67,4.0,0,0,0,0,3,3,5,1,1
421,58,63,3.0,1,0,0,0,4,4,-5,0,0
422,74,72,7.5,0,0,0,0,3,2,2,0,1
423,70,59,20.5,1,0,0,0,3,3,11,0,1
424,63,72,2.5,0,0,1,0,4,4,-9,0,0
425,57,63,3.5,0,0,0,0,4,4,-6,0,0
426,90,78,14.0,1,0,1,0,1,1,12,0,1
427,90,70,4.0,1,0,0,0,2,2,20,1,1
428,73,67,5.5,1,0,0,0,2,3,6,1,1
429,96,87,4.0,1,0,0,0,2,2,9,1,1
430,64,97,1.0,0,0,0,0,2,3,-33,0,0
431,104,88,3.0,0,0,1,0,1,1,16,1,1
432,81,50,14.0,1,0,0,0,3,2,31,1,1
433,47,50,13.5,1,0,0,0,2,2,-3,0,0
434,103,101,4.0,1,0,0,0,4,4,2,0,1
435,97,76,9.5,1,0,1,0,1,1,21,1,1
436,82,44,17.0,1,0,1,0,1,1,38,1,1
437,96,79,11.5,1,0,0,0,3,3,17,1,1
438,63,89,1.0,1,0,0,0,1,1,-26,0,0
439,71,77,4.5,1,0,0,0,4,3,-6,0,0
440,72,53,18.0,1,0,0,0,3,3,19,1,1
441,61,87,17.0,1,0,0,0,1,2,-26,0,0
442,64,61,10.0,1,0,0,0,4,4,3,0,1
443,95,74,12.5,1,0,0,0,1,1,21,1,1
444,76,61,16.0,1,0,1,0,4,4,15,0,1
445,82,81,5.0,1,0,0,0,3,3,1,0,1
446,76,68,8.0,0,0,0,0,3,3,8,1,1
447,82,71,8.0,1,0,0,0,2,2,11,1,1
448,60,71,4.5,1,0,0,0,3,3,-11,0,0
449,73,61,1.0,1,0,0,0,1,1,12,1,1
450,72,76,1.5,0,0,0,0,3,4,-4,0,0
451,66,69,2.0,1,0,0,1,3,3,-3,0,0
452,66,56,12.5,1,0,0,0,3,3,10,0,1
453,73,60,7.5,1,0,0,0,3,4,13,1,1
454,67,73,5.0,0,0,0,0,4,4,-6,0,0
455,88,69,15.0,1,0,1,1,2,2,19,1,1
456,71,60,8.5,0,0,1,0,3,3,11,1,1
457,67,66,1.0,1,0,0,0,2,3,1,1,1
458,80,51,18.5,1,0,0,0,4,3,29,1,1
459,89,78,2.0,1,0,0,0,2,3,11,1,1
460,60,75,4.0,1,0,0,0,2,2,-15,0,0
461,58,65,10.5,1,0,0,0,4,4,-7,0,0
462,65,63,4.5,0,0,0,0,3,3,2,0,1
463,81,76,7.0,1,0,0,0,4,4,5,0,1
464,84,68,18.0,1,0,1,0,4,3,16,0,1
465,77,58,5.0,0,0,1,0,4,4,19,1,1
466,83,60,21.0,0,0,1,0,3,3,23,1,1
467,46,42,9.5,0,0,1,0,3,3,4,0,1
468,65,61,10.0,1,0,0,0,3,3,4,0,1
469,74,80,13.0,1,0,0,0,2,2,-6,0,0
470,80,78,8.5,0,0,1,0,4,3,2,0,1
471,78,53,22.0,0,0,0,0,3,3,25,1,1
472,82,74,1.0,1,0,1,1,2,2,8,1,1
473,60,55,9.0,0,1,0,0,4,4,5,0,1
474,97,56,20.0,0,0,0,0,4,4,41,1,1
475,56,48,3.5,1,0,0,0,4,4,8,1,1
476,57,47,15.0,0,0,0,0,4,4,10,0,1
477,70,69,3.0,1,0,0,0,3,3,1,0,1
478,63,73,10.0,0,0,0,0,1,1,-10,0,0
479,75,66,6.5,1,0,0,0,2,3,9,1,1
480,76,80,8.0,1,0,0,0,4,4,-4,0,0
481,63,51,21.0,1,0,0,0,2,3,12,0,1
482,77,80,8.5,1,0,0,0,4,4,-3,0,0
483,56,52,13.5,1,0,0,0,2,2,4,0,1
484,72,48,5.0,0,0,0,0,3,3,24,1,1
485,109,75,23.5,1,0,0,0,2,2,34,1,1
486,85,80,1.5,1,0,0,0,2,2,5,1,1
487,74,68,6.5,1,0,0,0,2,3,6,0,1
488,89,92,1.0,1,0,0,0,4,4,-3,0,0
489,59,74,1.0,1,0,0,0,4,2,-15,0,0
490,74,70,10.0,1,0,1,0,4,4,4,0,1
491,74,64,9.0,1,0,0,0,4,3,10,1,1
492,86,80,16.0,1,0,0,0,3,3,6,0,1
493,75,71,1.5,1,0,0,0,3,3,4,1,1
494,72,78,1.0,0,0,0,0,1,1,-6,0,0
495,70,71,2.0,0,0,0,0,1,1,-1,0,0
496,76,72,7.0,1,0,0,0,4,4,4,0,1
497,80,73,5.5,1,0,0,0,1,2,7,1,1
498,81,66,5.0,0,0,0,0,3,3,15,1,1
499,65,73,13.0,0,0,1,0,2,3,-8,0,0
500,78,68,2.5,0,0,0,0,2,3,10,1,1
501,77,74,5.0,0,0,0,0,4,4,3,0,1
502,70,72,9.0,0,0,1,0,4,4,-2,0,0
503,116,94,5.0,1,0,0,0,4,4,22,1,1
504,86,73,10.0,0,0,0,0,3,2,13,1,1
505,66,64,10.0,1,0,0,0,3,2,2,0,1
506,90,75,11.0,0,0,0,0,2,2,15,1,1
507,81,73,15.0,1,0,0,0,3,2,8,0,1
508,77,49,10.5,1,0,1,1,2,2,28,1,1
509,82,87,1.0,0,0,0,0,3,3,-5,0,0
510,86,70,4.5,1,0,0,0,3,2,16,1,1
511,78,97,2.0,1,0,0,0,4,4,-19,0,0
512,66,55,6.5,1,0,0,0,4,3,11,1,1
513,78,82,6.5,1,0,0,0,3,3,-4,0,0
514,83,63,6.0,0,0,0,0,4,3,20,1,1
515,88,72,7.0,1,0,0,0,3,3,16,1,1
516,92,75,16.0,0,0,0,0,3,2,17,1,1
517,78,47,12.5,1,0,0,0,3,3,31,1,1
518,86,71,20.0,1,0,1,0,4,4,15,0,1
519,76,68,2.0,1,0,0,0,3,4,8,1,1
520,78,70,9.5,1,0,0,0,2,3,8,0,1
521,76,88,2.0,1,0,0,0,4,4,-12,0,0
522,70,79,9.0,1,0,1,1,4,4,-9,0,0
523,91,87,1.0,1,0,0,0,4,4,4,1,1
524,92,68,13.0,1,0,1,0,4,4,24,1,1
525,64,73,4.5,0,1,0,0,4,4,-9,0,0
526,87,60,23.0,1,0,0,0,3,3,27,1,1
527,96,82,23.0,1,0,0,0,2,2,14,0,1
528,63,62,5.5,0,1,1,0,4,4,1,0,1
529,94,85,1.0,0,0,1,0,2,3,9,1,1
530,93,63,15.0,1,0,0,0,3,3,30,1,1
531,94,92,2.0,0,0,1,0,4,4,2,1,1
532,63,36,10.0,1,0,0,0,3,3,27,1,1
533,75,60,8.5,1,0,0,0,3,3,15,1,1
534,74,58,19.5,1,0,0,0,3,3,16,0,1
535,61,54,5.5,0,0,0,0,3,3,7,1,1
536,62,45,1.5,1,0,0,0,3,4,17,1,1
537,96,92,8.0,1,0,1,0,4,4,4,0,1
538,75,63,5.0,0,0,0,0,3,3,12,1,1
539,68,52,3.0,0,0,0,0,3,3,16,1,1
540,97,74,6.5,0,0,1,0,3,3,23,1,1
541,68,71,7.0,1,0,1,1,2,2,-3,0,0
542,75,73,1.0,1,0,0,0,2,2,2,1,1
543,62,69,7.5,1,0,0,0,2,3,-7,0,0
544,81,64,24.0,1,0,0,0,3,3,17,0,1
545,75,68,15.0,1,0,0,0,4,3,7,0,1
546,92,85,3.0,1,0,1,0,3,2,7,1,1
547,67,64,8.5,1,0,0,0,2,2,3,0,1
548,69,76,2.5,0,0,1,0,3,3,-7,0,0
549,77,61,8.5,1,0,0,0,2,3,16,1,1
550,69,50,14.0,1,0,0,0,3,3,19,1,1
551,76,81,4.5,0,0,1,0,2,2,-5,0,0
552,78,82,3.0,0,0,1,0,4,4,-4,0,0
